district;Apartamento;Casa;Casa em condomínio;Studio e kitnet
Aclimação;39.0;9.0;0.0;2.0
Adalgisa;2.0;2.0;0.0;0.0
Agua Branca;1.0;0.0;0.0;0.0
Alphaville;6.0;5.0;13.0;0.0
Alphaville Centro Industrial E Empresarial/alphaville.;4.0;0.0;0.0;1.0
Alphaville Conde Ii;1.0;0.0;0.0;0.0
Alphaville Empresarial;22.0;0.0;0.0;0.0
Alphaville Industrial;31.0;0.0;0.0;4.0
Alphaville Residencial Dois;0.0;0.0;1.0;0.0
Alphaville Residencial Plus;0.0;1.0;0.0;0.0
Alphaville Residencial Um;0.0;1.0;1.0;0.0
Alto da Boa Vista;3.0;1.0;0.0;0.0
Alto da Lapa;10.0;3.0;0.0;2.0
Alto da Mooca;17.0;17.0;0.0;0.0
Alto de Pinheiros;12.0;8.0;0.0;0.0
Alto do Pari;2.0;0.0;0.0;0.0
Americanópolis;1.0;9.0;1.0;0.0
Anchieta;2.0;2.0;0.0;0.0
Aricanduva;1.0;0.0;0.0;0.0
Artur Alvim;1.0;0.0;0.0;3.0
Ayrosa;0.0;2.0;0.0;0.0
Bandeiras;1.0;1.0;0.0;0.0
Barra Funda;69.0;9.0;0.0;5.0
Barro Branco (zona Norte);1.0;3.0;0.0;0.0
Bela Aliança;1.0;1.0;0.0;0.0
Bela Aliança ;0.0;1.0;0.0;0.0
Bela Vista;228.0;7.0;2.0;113.0
Belenzinho;21.0;4.0;0.0;6.0
Belém;1.0;0.0;0.0;0.0
Bethaville I;2.0;0.0;0.0;0.0
Boa Vista;2.0;1.0;0.0;1.0
Boaçava;0.0;1.0;0.0;0.0
Bolsão do Interlagos;0.0;1.0;0.0;0.0
Bom Retiro;20.0;1.0;0.0;7.0
Bonfim;0.0;3.0;0.0;0.0
Bortolândia;0.0;1.0;0.0;0.0
Bosque da Saúde;14.0;8.0;0.0;0.0
Bosque da Saúde.;1.0;0.0;0.0;0.0
Bras;1.0;0.0;0.0;0.0
Brasilândia;0.0;1.0;0.0;0.0
Brooklin;14.0;6.0;0.0;4.0
Brooklin Novo;2.0;1.0;0.0;0.0
Brooklin Paulista;20.0;16.0;4.0;6.0
Brás;114.0;2.0;1.0;24.0
Brás ;1.0;0.0;0.0;0.0
Burgo Paulista;0.0;2.0;0.0;0.0
Bussocaba;3.0;2.0;0.0;0.0
Butantã;25.0;6.0;0.0;13.0
Cambuci;89.0;9.0;0.0;6.0
Campanário;7.0;1.0;0.0;0.0
Campestre;13.0;3.0;0.0;2.0
Campininha;0.0;2.0;0.0;0.0
Campo Belo;65.0;28.0;0.0;14.0
Campo Grande;1.0;8.0;0.0;0.0
Campos Elíseos;79.0;1.0;0.0;37.0
Cangaiba;4.0;4.0;0.0;0.0
Cangaíba;5.0;0.0;0.0;1.0
Canhema;1.0;4.0;0.0;0.0
Canindé;4.0;0.0;0.0;0.0
Capela do Socorro;1.0;1.0;0.0;0.0
Carandiru;5.0;2.0;0.0;1.0
Casa Branca;1.0;1.0;0.0;0.0
Casa Verde;18.0;13.0;0.0;1.0
Casa Verde Alta;6.0;14.0;1.0;0.0
Casa Verde Média;1.0;2.0;1.0;0.0
Catumbi;3.0;1.0;0.0;1.0
Caxingui;1.0;2.0;0.0;0.0
Centro;114.0;4.0;0.0;59.0
Centro Capital;0.0;0.0;0.0;1.0
Centro Comercial Jubran;2.0;0.0;0.0;0.0
Centro Empresarial Tamboré;3.0;0.0;0.0;0.0
Centro Histórico de São Paulo;41.0;0.0;1.0;30.0
Centro de Apoio I (alphaville);0.0;0.0;0.0;1.0
Cerqueira César;122.0;1.0;2.0;15.0
Chora Menino;7.0;6.0;1.0;0.0
Chácara Agrindus;5.0;0.0;0.0;0.0
Chácara Belenzinho;7.0;9.0;6.0;1.0
Chácara Califórnia;13.0;4.0;0.0;1.0
Chácara Cruzeiro do Sul;4.0;2.0;0.0;0.0
Chácara Inglesa;23.0;11.0;0.0;2.0
Chácara Itaim;0.0;0.0;1.0;0.0
Chácara Mafalda;5.0;6.0;0.0;0.0
Chácara Meyer;0.0;1.0;0.0;0.0
Chácara Monte Alegre;0.0;8.0;0.0;0.0
Chácara Nossa Senhora do Bom Conselho;1.0;0.0;0.0;0.0
Chácara Santo Antônio;2.0;2.0;0.0;0.0
Chácara Santo Antônio (Zona Sul);1.0;0.0;0.0;0.0
Chácara Santo Antônio (zona Leste);11.0;4.0;0.0;0.0
Chácara Santo Antônio (zona Sul);15.0;7.0;0.0;4.0
Chácara Seis de Outubro;4.0;2.0;2.0;1.0
Chácara São João;0.0;0.0;1.0;0.0
Chácara Tatuapé;0.0;1.0;0.0;0.0
Chácara do Vovó;1.0;0.0;0.0;0.0
Cidade Ademar;3.0;2.0;0.0;0.0
Cidade Antônio Estevão de Carvalho;1.0;5.0;0.0;0.0
Cidade Antônio Estêvão de Carvalho;1.0;3.0;0.0;0.0
Cidade Brasil;0.0;1.0;0.0;0.0
Cidade Continental;0.0;1.0;0.0;2.0
Cidade Domitila;0.0;3.0;0.0;0.0
Cidade Dutra;2.0;4.0;0.0;0.0
Cidade Intercap;0.0;4.0;0.0;0.0
Cidade Jardim;0.0;1.0;0.0;0.0
Cidade Luz;1.0;0.0;0.0;0.0
Cidade Líder;6.0;3.0;0.0;0.0
Cidade Maia;1.0;1.0;0.0;0.0
Cidade Monções;39.0;6.0;0.0;4.0
Cidade Mãe do Céu;12.0;11.0;1.0;4.0
Cidade Nova São Miguel;1.0;1.0;0.0;0.0
Cidade Patriarca;12.0;7.0;0.0;1.0
Cidade Satelite Santa Barbara;1.0;0.0;0.0;0.0
Cidade São Francisco;5.0;1.0;0.0;0.0
Cidade São Mateus;1.0;0.0;0.0;0.0
Cidade Vargas;2.0;6.0;0.0;3.0
Cidade das Flores;3.0;2.0;0.0;1.0
Cidade dos Bandeirantes;2.0;0.0;0.0;0.0
Cipava;0.0;3.0;0.0;2.0
City América;2.0;0.0;0.0;0.0
City Bussocaba;4.0;2.0;0.0;0.0
Cocaia;1.0;1.0;0.0;0.0
Colônia (zona Leste);4.0;0.0;0.0;0.0
Conceicao;2.0;0.0;0.0;0.0
Conceição;4.0;2.0;0.0;0.0
Conjunto City Jaragua;1.0;0.0;0.0;0.0
Conjunto Habitacional Padre Manoel da Nobrega;1.0;0.0;0.0;0.0
Conjunto Habitacional Padre Manoel da Nóbrega;2.0;0.0;0.0;0.0
Conjunto Habitacional Teotonio Vilela;1.0;2.0;0.0;0.0
Conjunto Promorar Sapopemba;1.0;0.0;0.0;0.0
Conjunto Residencial Butantã;1.0;1.0;0.0;0.0
Conjunto Residencial Jardim Canaã;0.0;4.0;0.0;0.0
Conjunto Residencial José Bonifácio;3.0;2.0;0.0;0.0
Conjunto Residencial Vista Verde;1.0;1.0;0.0;0.0
Consolação;110.0;0.0;0.0;45.0
Continental;5.0;0.0;0.0;0.0
Cupecê;0.0;1.0;0.0;0.0
Cursino;2.0;3.0;2.0;0.0
Empresarial 18 do Forte;15.0;0.0;0.0;1.0
Engenheiro Goulart;3.0;2.0;0.0;0.0
Ermelino Matarazzo;1.0;1.0;0.0;0.0
Fazenda Aricanduva;1.0;0.0;0.0;0.0
Fazenda Morumbi;16.0;0.0;0.0;0.0
Fazenda Morumbi ;1.0;0.0;0.0;0.0
Ferreira;1.0;5.0;0.0;0.0
Freguesia do Ó;10.0;5.0;2.0;1.0
Freguesia do Ó ;0.0;0.0;1.0;0.0
Fundação;0.0;1.0;0.0;0.0
Gopouva;1.0;1.0;0.0;0.0
Gopoúva;7.0;1.0;0.0;0.0
Guaianazes;1.0;0.0;0.0;0.0
Guaiaúna;2.0;1.0;0.0;0.0
Guapira;2.0;0.0;0.0;0.0
Helena Maria;0.0;1.0;0.0;0.0
Higienópolis;8.0;4.0;0.0;1.0
Higienópolis ;1.0;0.0;0.0;0.0
Horto Florestal;0.0;1.0;0.0;0.0
I.a.p.i.;1.0;0.0;0.0;0.0
Imirim;11.0;10.0;0.0;0.0
Indianópolis;56.0;4.0;0.0;19.0
Industrial Autonomistas;1.0;0.0;0.0;0.0
Instituto de Previdencia;1.0;1.0;0.0;0.0
Instituto de Previdência;4.0;0.0;0.0;0.0
Interlagos;5.0;14.0;0.0;0.0
Ipiranga;50.0;21.0;2.0;3.0
Itaberaba;3.0;3.0;0.0;0.0
Itaim Bibi;42.0;1.0;0.0;8.0
Itaquaciara;1.0;0.0;0.0;0.0
Itaquera;11.0;2.0;0.0;0.0
Jabaquara;21.0;29.0;3.0;2.0
Jaguaribe;13.0;0.0;0.0;0.0
Jaguará;1.0;1.0;0.0;0.0
Jaguaré;23.0;5.0;0.0;0.0
Jaraguá;2.0;1.0;3.0;0.0
Jardim;7.0;1.0;0.0;0.0
Jardim Adhemar de Barros;1.0;0.0;0.0;0.0
Jardim Adriana;1.0;0.0;2.0;0.0
Jardim Adutora;2.0;0.0;0.0;0.0
Jardim Aeroporto;12.0;14.0;0.0;3.0
Jardim Agu;0.0;1.0;0.0;0.0
Jardim Aida;1.0;1.0;0.0;0.0
Jardim Alfredo;0.0;0.0;0.0;1.0
Jardim Almanara;2.0;1.0;0.0;0.0
Jardim Almeida Prado;0.0;3.0;0.0;0.0
Jardim Alvorada (zona Oeste);2.0;1.0;0.0;0.0
Jardim Alzira;1.0;3.0;0.0;0.0
Jardim Amaralina;1.0;0.0;0.0;0.0
Jardim America;2.0;0.0;0.0;0.0
Jardim America da Penha;1.0;0.0;0.0;0.0
Jardim Ampliacao;7.0;0.0;0.0;1.0
Jardim Ampliação;19.0;0.0;0.0;7.0
Jardim América;2.0;0.0;0.0;0.0
Jardim América da Penha;9.0;0.0;0.0;0.0
Jardim Ana Lúcia;1.0;0.0;0.0;0.0
Jardim Ana Rosa;0.0;2.0;0.0;0.0
Jardim Analia Franco;0.0;1.0;0.0;0.0
Jardim Andarai;1.0;0.0;0.0;0.0
Jardim Andaraí;1.0;0.0;0.0;0.0
Jardim Angela (zona Leste);2.0;0.0;0.0;0.0
Jardim Anny;1.0;0.0;0.0;0.0
Jardim Antartica;2.0;0.0;0.0;0.0
Jardim Antártica;1.0;0.0;0.0;0.0
Jardim Anália Franco;7.0;4.0;0.0;0.0
Jardim Aricanduva;0.0;3.0;0.0;0.0
Jardim Arize;3.0;2.0;0.0;0.0
Jardim Arizona;0.0;1.0;0.0;0.0
Jardim Arpoador;1.0;1.0;0.0;0.0
Jardim Ataliba Leonel;0.0;2.0;0.0;0.0
Jardim Aurelia;0.0;0.0;0.0;2.0
Jardim Avelino;3.0;1.0;0.0;0.0
Jardim Bandeirantes (zona Norte);0.0;1.0;0.0;0.0
Jardim Barbosa;5.0;0.0;0.0;0.0
Jardim Baruch;1.0;0.0;0.0;0.0
Jardim Barueri;1.0;0.0;0.0;0.0
Jardim Bela Vista;5.0;2.0;0.0;0.0
Jardim Belém;1.0;0.0;0.0;0.0
Jardim Boa Vista (zona Oeste);3.0;0.0;0.0;1.0
Jardim Bom Clima;1.0;2.0;0.0;0.0
Jardim Bonfiglioli;5.0;10.0;0.0;2.0
Jardim Botucatu;2.0;0.0;0.0;0.0
Jardim Brasil;3.0;0.0;0.0;0.0
Jardim Brasil (zona Norte);5.0;7.0;1.0;0.0
Jardim Brasil (zona Sul);13.0;1.0;0.0;1.0
Jardim Brasília (zona Leste);2.0;0.0;0.0;0.0
Jardim Brasília (zona Norte);12.0;0.0;0.0;0.0
Jardim Bélgica;0.0;1.0;0.0;0.0
Jardim Caboré;10.0;0.0;0.0;0.0
Jardim Cachoeira;0.0;3.0;0.0;0.0
Jardim Campanario;2.0;0.0;0.0;0.0
Jardim Campo Grande;2.0;3.0;1.0;0.0
Jardim Caner;2.0;0.0;0.0;0.0
Jardim Canhema;1.0;0.0;0.0;0.0
Jardim Caravelas;11.0;1.0;0.0;0.0
Jardim Carlu;0.0;2.0;0.0;0.0
Jardim Casablanca;4.0;2.0;0.0;1.0
Jardim Castelo;3.0;0.0;0.0;0.0
Jardim Catanduva;2.0;0.0;0.0;0.0
Jardim Celeste;17.0;0.0;0.0;0.0
Jardim Centenario;2.0;0.0;0.0;0.0
Jardim Centenário;1.0;1.0;0.0;0.0
Jardim Cidade Pirituba;1.0;9.0;0.0;1.0
Jardim Cidalia;2.0;0.0;0.0;1.0
Jardim Cidália;2.0;5.0;0.0;1.0
Jardim Cirino;1.0;0.0;0.0;0.0
Jardim City;4.0;1.0;0.0;0.0
Jardim Clímax;0.0;2.0;1.0;0.0
Jardim Cocaia;1.0;1.0;0.0;0.0
Jardim Colombo;3.0;8.0;2.0;0.0
Jardim Colorado;1.0;0.0;0.0;0.0
Jardim Consorcio;0.0;4.0;0.0;0.0
Jardim Consórcio;1.0;5.0;1.0;0.0
Jardim Cordeiro;0.0;1.0;0.0;0.0
Jardim Cotiana;0.0;1.0;0.0;0.0
Jardim Cristal;0.0;2.0;0.0;0.0
Jardim Cristin Alice;1.0;0.0;0.0;0.0
Jardim Danfer;1.0;3.0;0.0;0.0
Jardim Denise;0.0;1.0;0.0;0.0
Jardim Dinorah;0.0;1.0;0.0;0.0
Jardim Divinolandia;0.0;1.0;0.0;0.0
Jardim Dom Bosco;1.0;1.0;0.0;0.0
Jardim Dona Sinha;0.0;1.0;0.0;0.0
Jardim Dona Sinhá;3.0;0.0;0.0;0.0
Jardim Dourado;2.0;0.0;0.0;0.0
Jardim Dracena;0.0;1.0;0.0;0.0
Jardim D’abril;4.0;1.0;0.0;0.0
Jardim Elvira;0.0;1.0;0.0;0.0
Jardim Ernestina;0.0;1.0;0.0;0.0
Jardim Esmeralda;6.0;2.0;0.0;1.0
Jardim Ester;9.0;7.0;0.0;0.0
Jardim Ester Yolanda;5.0;5.0;0.0;0.0
Jardim Europa;4.0;1.0;0.0;1.0
Jardim Felicidade (zona Oeste);0.0;2.0;0.0;0.0
Jardim Filhos da Terra;2.0;5.0;0.0;0.0
Jardim Flor da Montanha;9.0;0.0;0.0;1.0
Jardim Fonte do Morumbi;10.0;0.0;0.0;0.0
Jardim Franca;1.0;5.0;0.0;0.0
Jardim Frei Galvao;0.0;1.0;0.0;0.0
Jardim Frei Galvão;0.0;1.0;0.0;0.0
Jardim Gilda Maria;1.0;0.0;0.0;0.0
Jardim Glória;1.0;0.0;0.0;0.0
Jardim Gracinda;3.0;0.0;0.0;0.0
Jardim Graziela;0.0;0.0;0.0;2.0
Jardim Guairaca;1.0;0.0;0.0;0.0
Jardim Guanca;1.0;2.0;0.0;0.0
Jardim Guarapiranga;0.0;3.0;0.0;0.0
Jardim Guarau;0.0;1.0;0.0;1.0
Jardim Guarulhos;1.0;0.0;0.0;0.0
Jardim Gumercindo;1.0;0.0;0.0;0.0
Jardim Haia do Carrao;0.0;1.0;0.0;0.0
Jardim Helena;1.0;0.0;0.0;0.0
Jardim Helian;1.0;0.0;1.0;0.0
Jardim Hercilia;0.0;1.0;0.0;0.0
Jardim Ibitirama;3.0;0.0;0.0;0.0
Jardim Imperador (zona Leste);1.0;0.0;0.0;0.0
Jardim Independência;2.0;0.0;0.0;3.0
Jardim Independência (são Paulo);2.0;3.0;0.0;0.0
Jardim Inga;0.0;1.0;0.0;0.0
Jardim Ipanema (zona Sul);0.0;4.0;0.0;0.0
Jardim Iporanga;1.0;0.0;0.0;0.0
Jardim Iracema;2.0;1.0;0.0;0.0
Jardim Iris;14.0;0.0;0.0;0.0
Jardim Itapeva;1.0;1.0;0.0;0.0
Jardim Iva;4.0;2.0;0.0;0.0
Jardim Ivana;0.0;0.0;0.0;2.0
Jardim Jabaquara;1.0;1.0;0.0;0.0
Jardim Jamaica;2.0;0.0;0.0;0.0
Jardim Japao;3.0;2.0;0.0;0.0
Jardim Japão;5.0;7.0;1.0;3.0
Jardim Jaqueline;5.0;0.0;0.0;0.0
Jardim Jaçanã;0.0;1.0;0.0;0.0
Jardim Jaú (Zona Leste);1.0;0.0;0.0;0.0
Jardim Jaú (zona Leste);4.0;0.0;0.0;0.0
Jardim João Xxiii;0.0;1.0;0.0;0.0
Jardim Jua;0.0;2.0;0.0;0.0
Jardim Julieta;0.0;1.0;0.0;0.0
Jardim Jussara;3.0;2.0;0.0;0.0
Jardim Kuabara;0.0;3.0;0.0;0.0
Jardim Lallo;1.0;1.0;0.0;1.0
Jardim Lar Sao Paulo;2.0;1.0;0.0;0.0
Jardim Las Vegas;6.0;1.0;0.0;0.0
Jardim Leonor;22.0;15.0;0.0;1.0
Jardim Leonor Mendes de Barros;5.0;2.0;1.0;0.0
Jardim Libano;0.0;1.0;0.0;0.0
Jardim Lideranca;0.0;1.0;0.0;0.0
Jardim Londrina;15.0;7.0;0.0;0.0
Jardim Los Angeles;0.0;1.0;0.0;0.0
Jardim Lourdes;0.0;0.0;0.0;1.0
Jardim Lourdes (zona Sul);0.0;0.0;0.0;1.0
Jardim Luanda;1.0;3.0;0.0;0.0
Jardim Lucia;0.0;0.0;0.0;2.0
Jardim Luísa;2.0;3.0;0.0;0.0
Jardim Líbano;0.0;2.0;0.0;0.0
Jardim Maia;1.0;0.0;0.0;0.0
Jardim Mangalot;1.0;2.0;0.0;0.0
Jardim Maraba;0.0;0.0;0.0;1.0
Jardim Marajoara;7.0;7.0;0.0;0.0
Jardim Marajoara ;1.0;0.0;0.0;0.0
Jardim Maria Aparecida;0.0;1.0;0.0;0.0
Jardim Maria Duarte;0.0;0.0;0.0;1.0
Jardim Maria Estela;5.0;2.0;0.0;0.0
Jardim Maria Luiza;1.0;1.0;0.0;0.0
Jardim Maria Rita;0.0;1.0;0.0;0.0
Jardim Maria Rosa;3.0;5.0;1.0;1.0
Jardim Mariliza;2.0;1.0;0.0;0.0
Jardim Marilu;1.0;0.0;0.0;0.0
Jardim Maringa;1.0;0.0;0.0;0.0
Jardim Maringá;2.0;6.0;0.0;0.0
Jardim Maristela;0.0;8.0;0.0;0.0
Jardim Marília;0.0;1.0;0.0;0.0
Jardim Mimar;0.0;1.0;0.0;0.0
Jardim Mirante;2.0;0.0;0.0;1.0
Jardim Miriam;0.0;4.0;0.0;1.0
Jardim Modelo;3.0;3.0;0.0;1.0
Jardim Monjolo;0.0;4.0;0.0;0.0
Jardim Monte Alegre;5.0;2.0;0.0;0.0
Jardim Monte Azul;3.0;2.0;0.0;0.0
Jardim Monte Kemel;11.0;6.0;2.0;0.0
Jardim Monte Libano;0.0;1.0;0.0;0.0
Jardim Montreal;0.0;1.0;0.0;0.0
Jardim Moreira;1.0;0.0;0.0;0.0
Jardim Morro Verde;0.0;1.0;0.0;0.0
Jardim Morumbi;0.0;2.0;1.0;0.0
Jardim Munhoz Junior;0.0;1.0;0.0;0.0
Jardim Nadir;1.0;0.0;0.0;0.0
Jardim Nordeste;2.0;1.0;0.0;0.0
Jardim Norma;0.0;3.0;0.0;0.0
Jardim Nossa Senhora Aparecida;0.0;0.0;1.0;0.0
Jardim Nosso Lar;4.0;1.0;0.0;0.0
Jardim Nova Cidade;1.0;0.0;0.0;0.0
Jardim Nova Germania;0.0;1.0;0.0;0.0
Jardim Nova Taboao;2.0;0.0;0.0;0.0
Jardim Novo Santo Amaro;6.0;1.0;0.0;1.0
Jardim Novo Taboao;1.0;0.0;0.0;0.0
Jardim Odete;1.0;1.0;0.0;0.0
Jardim Olinda;0.0;1.0;0.0;0.0
Jardim Olympia;3.0;1.0;1.0;0.0
Jardim Oriental;9.0;19.0;0.0;3.0
Jardim Palmares (zona Sul);0.0;5.0;0.0;0.0
Jardim Palmira;0.0;6.0;0.0;0.0
Jardim Panorama (zona Leste);0.0;1.0;0.0;0.0
Jardim Paraiso;1.0;1.0;0.0;0.0
Jardim Paramount;1.0;0.0;0.0;0.0
Jardim Paraventi;0.0;3.0;0.0;0.0
Jardim Paraíso;9.0;7.0;2.0;1.0
Jardim Parque Morumbi;13.0;0.0;0.0;0.0
Jardim Patente;1.0;0.0;0.0;0.0
Jardim Patente Novo;4.0;1.0;0.0;0.0
Jardim Paulista;192.0;5.0;0.0;23.0
Jardim Paulistano;6.0;0.0;0.0;5.0
Jardim Pazini;1.0;1.0;0.0;0.0
Jardim Pedro José Nunes;0.0;4.0;0.0;0.0
Jardim Penha;3.0;0.0;0.0;0.0
Jardim Pereira Leite;2.0;0.0;0.0;0.0
Jardim Peri;8.0;8.0;1.0;0.0
Jardim Peri Peri;2.0;8.0;2.0;0.0
Jardim Petropolis;0.0;2.0;1.0;0.0
Jardim Pinhal;0.0;1.0;0.0;0.0
Jardim Pinheiros;4.0;2.0;1.0;1.0
Jardim Piqueroby;3.0;1.0;0.0;5.0
Jardim Piracuama;1.0;0.0;0.0;0.0
Jardim Piratininga;0.0;1.0;0.0;0.0
Jardim Pirituba;1.0;1.0;0.0;0.0
Jardim Planalto;4.0;2.0;0.0;0.0
Jardim Popular;0.0;2.0;1.0;0.0
Jardim Previdencia;1.0;2.0;0.0;0.0
Jardim Previdência;4.0;3.0;0.0;0.0
Jardim Primavera (zona Norte);0.0;2.0;0.0;0.0
Jardim Primavera (zona Sul);1.0;0.0;0.0;0.0
Jardim Primeiro de Maio (chacara Fazendinha);0.0;1.0;0.0;0.0
Jardim Promissão;1.0;2.0;0.0;0.0
Jardim Prudência;21.0;4.0;0.0;0.0
Jardim Raposo Tavares;0.0;2.0;0.0;2.0
Jardim Regina;1.0;0.0;0.0;1.0
Jardim Regina Alice;0.0;1.0;0.0;0.0
Jardim Regis;1.0;2.0;0.0;0.0
Jardim Rizzo;0.0;2.0;0.0;0.0
Jardim Roberto;6.0;3.0;0.0;0.0
Jardim Rosa Maria;1.0;1.0;0.0;0.0
Jardim Rosa de Franca;1.0;4.0;0.0;0.0
Jardim Rosana;0.0;1.0;0.0;0.0
Jardim Sabara;2.0;1.0;0.0;1.0
Jardim Sabará;0.0;2.0;0.0;1.0
Jardim Santa Bárbara;0.0;1.0;0.0;0.0
Jardim Santa Cecília;0.0;2.0;0.0;0.0
Jardim Santa Clara;0.0;1.0;0.0;0.0
Jardim Santa Cruz;0.0;1.0;0.0;0.0
Jardim Santa Cruz (campo Grande);1.0;6.0;1.0;0.0
Jardim Santa Cruz (sacomã);5.0;2.0;0.0;0.0
Jardim Santa Edwiges (capela do Socorro);0.0;1.0;0.0;0.0
Jardim Santa Edwirges;0.0;1.0;0.0;0.0
Jardim Santa Efigenia;0.0;1.0;0.0;0.0
Jardim Santa Emilia;4.0;2.0;0.0;0.0
Jardim Santa Emília;8.0;0.0;0.0;0.0
Jardim Santa Helena;0.0;3.0;0.0;0.0
Jardim Santa Inês;2.0;0.0;0.0;0.0
Jardim Santa Maria;1.0;2.0;0.0;0.0
Jardim Santa Mena;3.0;1.0;0.0;0.0
Jardim Santa Monica;0.0;3.0;0.0;0.0
Jardim Santa Mônica;0.0;1.0;0.0;0.0
Jardim Santa Rosa;0.0;2.0;0.0;0.0
Jardim Santa Terezinha;1.0;1.0;0.0;0.0
Jardim Santa Terezinha (zona Leste);4.0;0.0;0.0;0.0
Jardim Santo Amaro;3.0;3.0;0.0;0.0
Jardim Santo Antoninho;0.0;2.0;0.0;0.0
Jardim Santo Antonio;1.0;0.0;0.0;0.0
Jardim Santo Antônio;0.0;1.0;0.0;0.0
Jardim Santo Elias;0.0;3.0;0.0;0.0
Jardim Santos Dumont;0.0;1.0;0.0;0.0
Jardim Sao Bento;0.0;1.0;0.0;0.0
Jardim Sao Francisco (zona Leste);2.0;0.0;0.0;0.0
Jardim Sao Gabriel;0.0;1.0;0.0;0.0
Jardim Sao Joao (jaragua);2.0;0.0;0.0;0.0
Jardim Sao Jose;0.0;1.0;0.0;0.0
Jardim Sao Jose (sao Mateus);0.0;1.0;0.0;0.0
Jardim Sao Judas Tadeu;2.0;0.0;0.0;0.0
Jardim Sao Paulo(zona Norte);1.0;1.0;0.0;0.0
Jardim Sao Saverio;3.0;1.0;0.0;0.0
Jardim Sarah;0.0;2.0;0.0;0.0
Jardim Satelite;1.0;6.0;0.0;0.0
Jardim Seckler;4.0;0.0;0.0;0.0
Jardim Silvestre;0.0;1.0;0.0;0.0
Jardim Silvia;1.0;1.0;0.0;0.0
Jardim Sul São Paulo;0.0;2.0;0.0;0.0
Jardim São Caetano;1.0;0.0;0.0;0.0
Jardim São Francisco (zona Leste);2.0;0.0;0.0;0.0
Jardim São José (zona Norte);0.0;1.0;0.0;0.0
Jardim São Judas Tadeu;1.0;0.0;0.0;0.0
Jardim São Luís;0.0;3.0;1.0;0.0
Jardim São Paulo;11.0;2.0;0.0;2.0
Jardim São Paulo(zona Norte);11.0;6.0;3.0;1.0
Jardim São Saverio ;1.0;0.0;0.0;0.0
Jardim São Savério;8.0;0.0;0.0;0.0
Jardim São Silvestre;0.0;1.0;0.0;0.0
Jardim Sílvia;2.0;0.0;0.0;0.0
Jardim Sônia Maria;0.0;2.0;0.0;0.0
Jardim Tabatinga;0.0;1.0;0.0;0.0
Jardim Taboao;0.0;2.0;0.0;0.0
Jardim Taboão;2.0;2.0;0.0;0.0
Jardim Tango;0.0;1.0;0.0;0.0
Jardim Taquaral;10.0;1.0;0.0;0.0
Jardim Teresa;1.0;1.0;0.0;0.0
Jardim Terezópolis;0.0;2.0;0.0;0.0
Jardim Testae;0.0;2.0;0.0;0.0
Jardim Tietê;1.0;0.0;0.0;0.0
Jardim Tijuco;1.0;0.0;0.0;0.0
Jardim Toscana;1.0;1.0;0.0;0.0
Jardim Tranqüilidade;2.0;1.0;0.0;0.0
Jardim Trussardi;0.0;3.0;0.0;0.0
Jardim Três Marias;0.0;1.0;0.0;0.0
Jardim Tupanci;10.0;0.0;0.0;0.0
Jardim Ubirajara;0.0;3.0;0.0;0.0
Jardim Umarizal;6.0;1.0;0.0;0.0
Jardim Umuarama;7.0;3.0;2.0;0.0
Jardim Utinga;7.0;0.0;0.0;0.0
Jardim Valeria;1.0;0.0;0.0;0.0
Jardim Valéria;1.0;1.0;0.0;0.0
Jardim Vazani;5.0;3.0;0.0;0.0
Jardim Vera Cruz;1.0;7.0;0.0;0.0
Jardim Vergueiro;0.0;1.0;0.0;0.0
Jardim Vergueiro (sacoma);2.0;0.0;0.0;0.0
Jardim Vergueiro (sacomã);4.0;1.0;2.0;1.0
Jardim Vila Carrao;0.0;1.0;0.0;0.0
Jardim Vila Formosa;16.0;10.0;0.0;4.0
Jardim Vila Galvão;3.0;1.0;0.0;0.0
Jardim Vila Mariana;7.0;0.0;0.0;5.0
Jardim Vista Alegre;1.0;0.0;0.0;0.0
Jardim Vista Linda;0.0;1.0;0.0;0.0
Jardim Vitoria Regia;1.0;0.0;0.0;0.0
Jardim Vitoria Regia (zona Oeste);1.0;0.0;0.0;0.0
Jardim Vitória Régia;3.0;2.0;0.0;1.0
Jardim Vivan;1.0;0.0;0.0;0.0
Jardim Zaira;1.0;0.0;0.0;0.0
Jardim da Campina;0.0;1.0;0.0;0.0
Jardim da Gloria;4.0;1.0;0.0;0.0
Jardim da Glória;8.0;5.0;0.0;2.0
Jardim da Mamãe;0.0;1.0;0.0;0.0
Jardim da Saúde;7.0;1.0;0.0;0.0
Jardim das Acacias;3.0;0.0;0.0;5.0
Jardim das Acácias;8.0;2.0;0.0;6.0
Jardim das Bandeiras;2.0;0.0;0.0;0.0
Jardim das Esmeraldas;0.0;5.0;0.0;0.0
Jardim das Flores;3.0;12.0;0.0;1.0
Jardim das Gracas;2.0;0.0;0.0;0.0
Jardim das Graças;1.0;0.0;0.0;0.0
Jardim das Laranjeiras;7.0;5.0;0.0;0.0
Jardim das Maravilhas;1.0;2.0;0.0;0.0
Jardim das Nações;1.0;0.0;0.0;0.0
Jardim das Perdizes;1.0;0.0;0.0;0.0
Jardim das Vertentes;8.0;8.0;0.0;2.0
Jardim de Lorenzo;0.0;2.0;0.0;0.0
Jardim do Carmo;0.0;0.0;1.0;0.0
Jardim do Colégio (zona Norte);0.0;1.0;0.0;0.0
Jardim do Mar;0.0;0.0;0.0;1.0
Jardim do Papai;0.0;3.0;0.0;0.0
Jardim do Tiro;1.0;1.0;1.0;1.0
Jardim dos Camargos;0.0;2.0;0.0;0.0
Jardim dos Estados;0.0;2.0;0.0;0.0
Jardim dos Lagos;0.0;2.0;0.0;0.0
Jardim dos Prados;0.0;1.0;0.0;0.0
Jardim Ângela (zona Leste);3.0;2.0;0.0;0.0
Jardim Íris;7.0;0.0;0.0;0.0
Jardins;1.0;0.0;0.0;0.0
Jaçanã;1.0;3.0;0.0;0.0
Jd Tranquilidade ;1.0;0.0;0.0;0.0
Jd. Rio Pequeno;1.0;0.0;0.0;2.0
Jordanópolis;1.0;0.0;0.0;0.0
Jurubatuba;7.0;1.0;0.0;0.0
Km 18;4.0;2.0;0.0;1.0
Lajeado;2.0;0.0;0.0;0.0
Lapa;22.0;12.0;0.0;1.0
Lapa de Baixo;0.0;4.0;0.0;1.0
Lar São Paulo;0.0;2.0;0.0;0.0
Lauzane Paulista;21.0;14.0;1.0;1.0
Liberdade;86.0;2.0;0.0;52.0
Limão;12.0;4.0;1.0;1.0
Loteamento City Jaragua;4.0;0.0;0.0;0.0
Luz;5.0;0.0;0.0;2.0
Macedo;4.0;2.0;0.0;2.0
Mandaqui;2.0;2.0;1.0;1.0
Maranhão;3.0;1.0;0.0;1.0
Mauá;3.0;2.0;0.0;0.0
Melville Empresarial I E Ii;3.0;0.0;0.0;0.0
Melville Empresarial Ii;4.0;0.0;0.0;0.0
Mirandópolis;25.0;4.0;0.0;8.0
Moema;24.0;1.0;0.0;5.0
Moinho Velho;5.0;7.0;0.0;0.0
Mooca;108.0;26.0;0.0;13.0
Morro dos Ingleses;2.0;0.0;0.0;0.0
Morumbi;16.0;2.0;1.0;0.0
Morumbi ;1.0;1.0;0.0;0.0
Mutinga;0.0;1.0;0.0;0.0
Nossa Senhora do O;1.0;1.0;0.0;0.0
Nossa Senhora do Ó;10.0;1.0;0.0;0.0
Nova Aldeinha;0.0;1.0;0.0;0.0
Nova Gerti;0.0;2.0;0.0;0.0
Nova Gerty;1.0;0.0;0.0;1.0
Nova Piraju;7.0;2.0;0.0;3.0
Novo Osasco;4.0;5.0;1.0;0.0
Olímpico;5.0;0.0;0.0;0.0
Osvaldo Cruz;5.0;2.0;0.0;0.0
Pacaembu;0.0;5.0;0.0;0.0
Pacaembu.;1.0;0.0;0.0;0.0
Padroeira;11.0;6.0;0.0;0.0
Panamby;5.0;0.0;0.0;2.0
Parada Inglesa;18.0;4.0;0.0;0.0
Parada Xv de Novembro;2.0;0.0;0.0;0.0
Paraisópolis;11.0;1.0;0.0;0.0
Paraíso;72.0;5.0;0.0;12.0
Paraíso do Morumbi;20.0;2.0;0.0;2.0
Paraíso.;1.0;0.0;0.0;0.0
Pari;5.0;1.0;0.0;0.0
Parque Alves de Lima;1.0;0.0;0.0;0.0
Parque Arariba;1.0;0.0;0.0;0.0
Parque Artur Alvim;0.0;1.0;0.0;0.0
Parque Assunção;4.0;2.0;1.0;0.0
Parque Bairro Morumbi;5.0;0.0;0.0;0.0
Parque Boturussu;1.0;1.0;0.0;0.0
Parque Bristol;4.0;0.0;0.0;0.0
Parque Casa de Pedra;0.0;2.0;2.0;0.0
Parque Cecap;1.0;0.0;0.0;0.0
Parque Cisper;0.0;1.0;0.0;0.0
Parque Colonial;2.0;3.0;0.0;0.0
Parque Continental;0.0;3.0;0.0;0.0
Parque Continental I;2.0;1.0;0.0;0.0
Parque Continental Ii;3.0;7.0;0.0;0.0
Parque Cruzeiro do Sul;1.0;0.0;0.0;0.0
Parque Cruzeiro do Sul (vila Formosa);1.0;0.0;0.0;0.0
Parque Edu Chaves;1.0;6.0;1.0;1.0
Parque Esmeralda;2.0;0.0;0.0;0.0
Parque Fongaro;4.0;1.0;0.0;2.0
Parque Fongaro ;1.0;0.0;0.0;0.0
Parque Guarani;0.0;2.0;0.0;1.0
Parque Imperial;6.0;2.0;0.0;2.0
Parque Independencia;0.0;1.0;0.0;0.0
Parque Industrial Tomas Edson;10.0;0.0;0.0;1.0
Parque Ipe;1.0;0.0;0.0;0.0
Parque Ipê;1.0;0.0;0.0;0.0
Parque Itaberaba;0.0;1.0;0.0;0.0
Parque Jabaquara;7.0;24.0;0.0;0.0
Parque João Ramalho;2.0;0.0;0.0;0.0
Parque Mandaqui;12.0;7.0;0.0;0.0
Parque Mandi;0.0;1.0;0.0;0.0
Parque Maria Domitila;2.0;3.0;0.0;0.0
Parque Maria Luiza;1.0;4.0;0.0;1.0
Parque Monte Alegre;0.0;1.0;3.0;0.0
Parque Monteiro Soares;1.0;3.0;0.0;0.0
Parque Munhoz;1.0;0.0;0.0;0.0
Parque Nações Unidas;1.0;0.0;0.0;0.0
Parque Novo Mundo;5.0;2.0;0.0;1.0
Parque Oratorio;1.0;0.0;0.0;0.0
Parque Oratório;1.0;1.0;0.0;1.0
Parque Paineiras;5.0;0.0;0.0;0.0
Parque Panamericano;1.0;1.0;0.0;0.0
Parque Penha;0.0;1.0;0.0;0.0
Parque Peruche;5.0;9.0;1.0;0.0
Parque Ramos Freitas;0.0;3.0;0.0;0.0
Parque Reboucas;17.0;1.0;0.0;0.0
Parque Regina;0.0;1.0;0.0;0.0
Parque Renato Maia;0.0;1.0;0.0;0.0
Parque Residencial Julia;1.0;1.0;0.0;0.0
Parque Residencial da Lapa;2.0;1.0;0.0;0.0
Parque Santa Luzia;0.0;1.0;0.0;0.0
Parque Santa Madalena;0.0;2.0;0.0;0.0
Parque Santo Antônio;0.0;2.0;0.0;0.0
Parque Santos Dumont;2.0;1.0;0.0;0.0
Parque Sao Domingos;0.0;2.0;1.0;0.0
Parque Sao Francisco;0.0;0.0;1.0;0.0
Parque Sao Luis;0.0;2.0;0.0;2.0
Parque Sevilha;1.0;4.0;0.0;0.0
Parque São Domingos;3.0;0.0;1.0;0.0
Parque São Jorge;4.0;2.0;0.0;0.0
Parque São Lucas;1.0;3.0;0.0;0.0
Parque São Luís;0.0;3.0;0.0;0.0
Parque Tomas Saraiva;2.0;0.0;0.0;0.0
Parque Vitoria;3.0;4.0;0.0;0.0
Parque Vitória;2.0;2.0;0.0;0.0
Parque da Lapa;0.0;2.0;0.0;0.0
Parque da Mooca;23.0;12.0;0.0;8.0
Parque da Vila Prudente;7.0;2.0;0.0;1.0
Parque das Nações;10.0;3.0;0.0;0.0
Parque das Paineiras;1.0;0.0;0.0;0.0
Parque do Estado;1.0;0.0;0.0;0.0
Parque do Morumbi;2.0;0.0;0.0;0.0
Parque dos Bancários;0.0;1.0;0.0;0.0
Parque dos Principes;0.0;1.0;0.0;0.0
Paulicéia;11.0;7.0;0.0;0.0
Pedreira;2.0;2.0;0.0;0.0
Penha de França;26.0;9.0;4.0;1.0
Perdizes;76.0;9.0;0.0;26.0
Pestana;0.0;3.0;0.0;0.0
Picanço;8.0;3.0;0.0;0.0
Pinheiros;124.0;8.0;1.0;26.0
Piqueri;6.0;14.0;0.0;0.0
Piratininga;4.0;0.0;0.0;0.0
Pirituba;1.0;1.0;0.0;0.0
Planalto Paulista;14.0;24.0;2.0;7.0
Pompeia;23.0;6.0;0.0;0.0
Ponte Grande;11.0;0.0;0.0;0.0
Ponte Pequena;1.0;0.0;0.0;2.0
Portal dos Gramados;6.0;0.0;0.0;0.0
Presidente Altino;7.0;2.0;0.0;0.0
Quarta Parada;13.0;6.0;0.0;3.0
Quinta da Paineira;8.0;4.0;0.0;2.0
Quitaúna;2.0;3.0;0.0;0.0
Raposo Tavares;0.0;0.0;0.0;1.0
Real Parque;15.0;0.0;1.0;1.0
Recanto Morumbi;1.0;0.0;0.0;0.0
Recanto Paraíso;0.0;1.0;0.0;0.0
Recanto das Rosas;0.0;2.0;0.0;0.0
Republica;1.0;0.0;0.0;0.0
República;61.0;0.0;0.0;60.0
República ;0.0;0.0;0.0;1.0
Residencial Cinco (alphaville);1.0;0.0;0.0;0.0
Residencial Seis (alphaville);0.0;0.0;1.0;0.0
Residencial Tres (tambore);0.0;0.0;1.0;0.0
Retiro Morumbi;0.0;1.0;0.0;0.0
Rio Pequeno;7.0;4.0;1.0;1.0
Rolinópolis;0.0;2.0;0.0;0.0
Rudge Ramos;17.0;6.0;0.0;3.0
Sacoma;3.0;3.0;0.0;0.0
Sacomã;9.0;6.0;0.0;1.0
Santa Cecilia;21.0;0.0;0.0;11.0
Santa Cecília;34.0;0.0;0.0;11.0
Santa Efigênia;27.0;0.0;0.0;16.0
Santa Ifigênia;11.0;0.0;0.0;10.0
Santa Inês ;1.0;0.0;0.0;0.0
Santa Maria;13.0;6.0;2.0;0.0
Santa Paula;9.0;0.0;0.0;2.0
Santa Rita;0.0;1.0;0.0;0.0
Santa Teresinha;18.0;8.0;0.0;0.0
Santa Terezinha;0.0;1.0;0.0;0.0
Santana;112.0;17.0;4.0;19.0
Santo Amaro;106.0;22.0;3.0;15.0
Santo Antônio;5.0;5.0;0.0;0.0
Sapopemba;2.0;2.0;1.0;1.0
Saúde;14.0;11.0;1.0;3.0
Siciliano;3.0;6.0;1.0;0.0
Silveira;1.0;0.0;0.0;0.0
Socorro;9.0;2.0;0.0;1.0
Suiço;0.0;1.0;0.0;0.0
Sumarezinho;30.0;2.0;0.0;7.0
Sumaré;19.0;6.0;0.0;2.0
Super Quadra Morumbi;5.0;8.0;0.0;0.0
Suísso;1.0;0.0;0.0;0.0
São Domingos;3.0;0.0;0.0;0.0
São José;1.0;1.0;0.0;0.0
São João Climaco;3.0;1.0;0.0;0.0
São João Clímaco;0.0;1.0;0.0;0.0
São Judas;5.0;1.0;0.0;0.0
São Lucas;5.0;1.0;0.0;0.0
São Miguel Paulista;0.0;1.0;0.0;0.0
São Pedro;8.0;2.0;0.0;0.0
Sé;44.0;1.0;0.0;17.0
Sítio Morro Grande;3.0;4.0;0.0;0.0
Sítio Pinheirinho;2.0;0.0;0.0;0.0
Sítio da Figueira;6.0;1.0;0.0;0.0
Sítio do Mandaqui;7.0;6.0;0.0;0.0
Sítio do Morro;3.0;1.0;0.0;0.0
Sítio do Piqueri;0.0;1.0;0.0;0.0
Taboão;27.0;19.0;2.0;1.0
Tamboré;27.0;0.0;2.0;5.0
Tatuapé;57.0;12.0;2.0;26.0
Terceira Divisão de Interlagos;0.0;1.0;0.0;0.0
Tremembé;5.0;5.0;1.0;0.0
Tucuruvi;28.0;7.0;2.0;1.0
Umuarama;4.0;2.0;0.0;0.0
Usina Piratininga;8.0;0.0;0.0;0.0
Utinga;6.0;1.0;1.0;0.0
Varzea do Glicerio;0.0;0.0;0.0;1.0
Veleiros;1.0;1.0;0.0;0.0
Veloso;2.0;2.0;0.0;0.0
Vila Adalgisa;0.0;1.0;0.0;0.0
Vila Albano;0.0;1.0;0.0;0.0
Vila Albertina;5.0;8.0;0.0;0.0
Vila Alexandria;8.0;6.0;0.0;0.0
Vila Algusta;1.0;0.0;0.0;0.0
Vila Alianca;0.0;1.0;0.0;0.0
Vila Alice;0.0;2.0;0.0;0.0
Vila Alpina;23.0;11.0;3.0;1.0
Vila Alto de Santo André;2.0;0.0;0.0;0.0
Vila Alzira;5.0;1.0;0.0;0.0
Vila Amalia (zona Leste);0.0;1.0;0.0;0.0
Vila Amalia (zona Norte);7.0;1.0;0.0;0.0
Vila America;1.0;0.0;0.0;0.0
Vila Amália (zona Norte);3.0;2.0;0.0;0.0
Vila Amélia;8.0;0.0;0.0;0.0
Vila América;0.0;2.0;0.0;0.0
Vila Anadir;0.0;1.0;0.0;1.0
Vila Anastácio;3.0;2.0;0.0;0.0
Vila Andrade;122.0;2.0;1.0;4.0
Vila Anglo Brasileira;9.0;11.0;0.0;0.0
Vila Anhanguera;0.0;2.0;0.0;0.0
Vila Anhangüera;1.0;3.0;0.0;0.0
Vila Antonieta;5.0;4.0;0.0;0.0
Vila Antonina;5.0;0.0;0.0;0.0
Vila Antonio;1.0;0.0;0.0;0.0
Vila Antônio;1.0;1.0;0.0;0.0
Vila Antônio dos Santos;0.0;1.0;0.0;0.0
Vila Araguaia;2.0;3.0;1.0;0.0
Vila Arapua;1.0;0.0;0.0;0.0
Vila Arapuã;1.0;0.0;0.0;0.0
Vila Arcadia;0.0;2.0;0.0;0.0
Vila Arcádia;0.0;1.0;0.0;0.0
Vila Aricanduva;14.0;3.0;2.0;2.0
Vila Arriete;2.0;4.0;0.0;2.0
Vila Arruda;0.0;2.0;0.0;0.0
Vila Assunção;2.0;0.0;0.0;0.0
Vila Augusta;9.0;2.0;0.0;3.0
Vila Aurora (Zona Norte);0.0;1.0;0.0;0.0
Vila Aurora (zona Norte);4.0;6.0;2.0;0.0
Vila Azevedo;4.0;1.0;0.0;1.0
Vila Babilonia;4.0;1.0;0.0;0.0
Vila Babilônia;2.0;5.0;0.0;0.0
Vila Bancaria;0.0;1.0;0.0;0.0
Vila Bancária;3.0;0.0;0.0;0.0
Vila Bandeirantes;0.0;4.0;0.0;1.0
Vila Barbosa;4.0;0.0;0.0;1.0
Vila Barreto;1.0;0.0;0.0;0.0
Vila Barros;1.0;0.0;0.0;0.0
Vila Baruel;3.0;8.0;1.0;0.0
Vila Basileia;1.0;2.0;0.0;0.0
Vila Bastos;2.0;0.0;0.0;0.0
Vila Beatriz;0.0;2.0;1.0;0.0
Vila Bela;12.0;3.0;0.0;0.0
Vila Bela Vista (zona Norte);2.0;0.0;0.0;0.0
Vila Bertioga;25.0;15.0;0.0;3.0
Vila Bertioga ;0.0;0.0;0.0;1.0
Vila Boa Vista;4.0;0.0;0.0;0.0
Vila Boacava;0.0;1.0;4.0;0.0
Vila Bonilha;1.0;2.0;0.0;0.0
Vila Bonilha Nova;0.0;1.0;0.0;0.0
Vila Brasil;0.0;2.0;0.0;0.0
Vila Brasilandia;1.0;1.0;0.0;0.0
Vila Brasilina;1.0;8.0;1.0;1.0
Vila Brasilio Machado;1.0;0.0;0.0;1.0
Vila Brasilândia;1.0;1.0;0.0;0.0
Vila Brasílio Machado;4.0;1.0;1.0;0.0
Vila Bremen;4.0;0.0;0.0;0.0
Vila Bruna;2.0;2.0;0.0;0.0
Vila Buarque;50.0;0.0;0.0;40.0
Vila Buenos Aires;3.0;8.0;2.0;0.0
Vila Butantã;12.0;2.0;0.0;5.0
Vila Cachoeira;3.0;1.0;0.0;0.0
Vila California;1.0;4.0;0.0;1.0
Vila California(zona Sul);0.0;1.0;0.0;0.0
Vila Califórnia;3.0;2.0;0.0;1.0
Vila Califórnia(zona Sul);0.0;1.0;0.0;0.0
Vila Camilopolis;1.0;1.0;0.0;0.0
Vila Camilópolis;2.0;2.0;0.0;0.0
Vila Caminho do Mar;0.0;1.0;0.0;0.0
Vila Campanela;1.0;1.0;0.0;9.0
Vila Campesina;1.0;4.0;0.0;0.0
Vila Campestre;4.0;11.0;1.0;1.0
Vila Campo Grande;3.0;7.0;0.0;0.0
Vila Canero;2.0;1.0;0.0;3.0
Vila Capitao Rabelo;1.0;0.0;0.0;0.0
Vila Caraguata;1.0;0.0;0.0;0.0
Vila Caraguatá;2.0;1.0;0.0;0.0
Vila Carbone;1.0;3.0;0.0;1.0
Vila Cardoso Franco;1.0;1.0;0.0;0.0
Vila Carlos de Campos;0.0;1.0;0.0;0.0
Vila Carmem;0.0;1.0;0.0;1.0
Vila Carmosina;2.0;6.0;1.0;0.0
Vila Carolina;0.0;3.0;0.0;0.0
Vila Carrao;5.0;6.0;1.0;2.0
Vila Carrão;12.0;8.0;0.0;0.0
Vila Castelo;2.0;0.0;0.0;0.0
Vila Catupia;0.0;1.0;0.0;0.0
Vila Cavaton;0.0;3.0;0.0;0.0
Vila Celeste;6.0;7.0;0.0;0.0
Vila Centenário;1.0;2.0;0.0;0.0
Vila Clarice;1.0;1.0;0.0;0.0
Vila Clementino;45.0;9.0;0.0;25.0
Vila Clementino ;0.0;0.0;0.0;1.0
Vila Cleonice;0.0;2.0;0.0;3.0
Vila Cláudia;3.0;1.0;0.0;0.0
Vila Comercial;1.0;0.0;0.0;0.0
Vila Conceição;0.0;1.0;0.0;0.0
Vila Congonhas;17.0;15.0;0.0;1.0
Vila Constanca;1.0;0.0;0.0;0.0
Vila Constancia;5.0;2.0;0.0;0.0
Vila Constança;14.0;5.0;3.0;0.0
Vila Continental;0.0;2.0;0.0;0.0
Vila Cordeiro;5.0;4.0;0.0;1.0
Vila Cosmopolita;2.0;1.0;0.0;0.0
Vila Costa Melo;1.0;0.0;0.0;0.0
Vila Cristalia;1.0;0.0;0.0;0.0
Vila Cristália;2.0;1.0;0.0;0.0
Vila Cruz das Almas;1.0;5.0;0.0;0.0
Vila Cruzeiro;11.0;4.0;0.0;3.0
Vila Curuca;2.0;1.0;0.0;0.0
Vila Curuçá;2.0;2.0;0.0;0.0
Vila Dalila;10.0;3.0;0.0;0.0
Vila Dalva;0.0;1.0;0.0;0.0
Vila Deodoro;3.0;0.0;0.0;0.0
Vila Dinorah;0.0;3.0;0.0;0.0
Vila Dionisia;0.0;2.0;0.0;0.0
Vila Diva;0.0;1.0;0.0;0.0
Vila Diva (zona Leste);5.0;3.0;0.0;0.0
Vila Diva (zona Norte);3.0;0.0;0.0;0.0
Vila Divina Pastora;1.0;0.0;0.0;0.0
Vila Dom Pedro I;11.0;6.0;1.0;3.0
Vila Dom Pedro Ii;10.0;6.0;0.0;1.0
Vila Domitila;0.0;3.0;0.0;0.0
Vila Dora;1.0;0.0;0.0;0.0
Vila Ede;1.0;4.0;0.0;0.0
Vila Eldízia;1.0;1.0;0.0;0.0
Vila Elvira;0.0;1.0;1.0;0.0
Vila Elze;0.0;3.0;0.0;0.0
Vila Ema;26.0;7.0;1.0;2.0
Vila Emir;3.0;1.0;0.0;1.0
Vila Endres;5.0;1.0;0.0;0.0
Vila Engenho Novo;0.0;2.0;0.0;0.0
Vila Erna;0.0;1.0;0.0;0.0
Vila Ernesto;0.0;0.0;0.0;3.0
Vila Esperança;13.0;3.0;2.0;5.0
Vila Esplanada;0.0;1.0;0.0;0.0
Vila Ester;0.0;1.0;0.0;0.0
Vila Ester (zona Norte);4.0;3.0;0.0;0.0
Vila Euthalia;0.0;3.0;1.0;0.0
Vila Fachini;3.0;4.0;0.0;0.0
Vila Fernandes;1.0;0.0;0.0;0.0
Vila Fiat Lux;0.0;2.0;0.0;0.0
Vila Fidalgo;0.0;1.0;0.0;0.0
Vila Fidelis Ribeiro;0.0;1.0;0.0;0.0
Vila Firmiano Pinto;8.0;3.0;0.0;0.0
Vila Fiuza;0.0;1.0;0.0;0.0
Vila Floresta;2.0;0.0;1.0;0.0
Vila Flórida;1.0;0.0;0.0;0.0
Vila Formosa;29.0;26.0;3.0;6.0
Vila Franci;0.0;1.0;0.0;0.0
Vila Francisco Matarazzo;1.0;1.0;0.0;0.0
Vila Friburgo;0.0;3.0;0.0;0.0
Vila Fátima;0.0;1.0;1.0;0.0
Vila Gabriel;0.0;1.0;0.0;0.0
Vila Galvão;8.0;2.0;0.0;0.0
Vila Gea;1.0;1.0;0.0;0.0
Vila Germinal;0.0;1.0;1.0;0.0
Vila Gertrudes;9.0;1.0;0.0;0.0
Vila Gilda;2.0;2.0;0.0;0.0
Vila Gomes;4.0;3.0;0.0;4.0
Vila Gomes Cardim;22.0;1.0;0.0;2.0
Vila Gopouva;1.0;0.0;0.0;0.0
Vila Graciosa;1.0;3.0;0.0;2.0
Vila Granada;9.0;0.0;0.0;0.0
Vila Granada ;0.0;1.0;0.0;0.0
Vila Guaca;0.0;3.0;2.0;0.0
Vila Guarani;9.0;3.0;0.0;0.0
Vila Guarani (Zona Sul);1.0;0.0;0.0;0.0
Vila Guarani (z Sul);30.0;1.0;1.0;1.0
Vila Guarani (zona Sul);6.0;4.0;0.0;1.0
Vila Guarani(zona Leste);0.0;1.0;0.0;1.0
Vila Guedes;0.0;1.0;0.0;0.0
Vila Guilherme;26.0;10.0;1.0;3.0
Vila Guilhermina;17.0;4.0;1.0;0.0
Vila Guiomar;4.0;1.0;0.0;0.0
Vila Gumercindo;18.0;7.0;0.0;1.0
Vila Gustavo;11.0;10.0;0.0;0.0
Vila Hamburguesa;0.0;1.0;0.0;0.0
Vila Harmonia;1.0;0.0;0.0;0.0
Vila Hebe;1.0;1.0;0.0;2.0
Vila Helena;2.0;0.0;0.0;0.0
Vila Hermínia;0.0;1.0;0.0;0.0
Vila Hulda;2.0;0.0;0.0;0.0
Vila Humaitá;3.0;0.0;0.0;0.0
Vila Inah;0.0;4.0;0.0;0.0
Vila Independencia;3.0;1.0;0.0;1.0
Vila Independência;2.0;0.0;0.0;0.0
Vila Indiana;6.0;0.0;0.0;1.0
Vila Industrial;2.0;3.0;0.0;0.0
Vila Inglesa;4.0;1.0;0.0;0.0
Vila Invernada;13.0;13.0;1.0;1.0
Vila Ipojuca;15.0;5.0;1.0;1.0
Vila Irmaos Arnoni;0.0;0.0;1.0;0.0
Vila Irmãos Arnoni;0.0;0.0;1.0;0.0
Vila Isa;3.0;0.0;0.0;0.0
Vila Isolina Mazzei;10.0;12.0;7.0;0.0
Vila Ivone;5.0;1.0;0.0;0.0
Vila Iório;0.0;3.0;0.0;0.0
Vila Jacuí;0.0;3.0;0.0;0.0
Vila Jaguara;1.0;2.0;0.0;0.0
Vila Lageado;3.0;4.0;0.0;0.0
Vila Lais;1.0;0.0;0.0;0.0
Vila Laís;1.0;2.0;1.0;0.0
Vila Leonor;3.0;2.0;0.0;0.0
Vila Leopoldina;25.0;7.0;0.0;2.0
Vila Libanesa;0.0;5.0;2.0;0.0
Vila Liviero;1.0;1.0;0.0;0.0
Vila Londrina;0.0;2.0;0.0;0.0
Vila Lucia;2.0;0.0;0.0;0.0
Vila Lucia Elvira;1.0;0.0;0.0;0.0
Vila Lucinda;1.0;0.0;0.0;0.0
Vila Lúcia;3.0;0.0;1.0;0.0
Vila Lúcia Elvira;1.0;0.0;0.0;0.0
Vila Madalena;25.0;3.0;2.0;2.0
Vila Mafra;2.0;3.0;0.0;0.0
Vila Mangalot;5.0;2.0;0.0;0.0
Vila Maracanã;1.0;0.0;0.0;0.0
Vila Marari;2.0;8.0;0.0;2.0
Vila Margarida;2.0;0.0;0.0;0.0
Vila Maria;5.0;4.0;0.0;0.0
Vila Maria Alta;9.0;12.0;1.0;0.0
Vila Maria Baixa;3.0;1.0;0.0;0.0
Vila Maria Trindade;0.0;0.0;0.0;1.0
Vila Maria Zélia;0.0;1.0;0.0;0.0
Vila Mariana;149.0;31.0;1.0;51.0
Vila Maricy;1.0;0.0;0.0;0.0
Vila Marieta;1.0;2.0;0.0;3.0
Vila Marina;3.0;6.0;0.0;1.0
Vila Mariza Mazzei;0.0;2.0;0.0;0.0
Vila Marte;1.0;0.0;0.0;1.0
Vila Mascote;37.0;4.0;0.0;1.0
Vila Matiilde;1.0;0.0;0.0;0.0
Vila Matilde;28.0;6.0;1.0;0.0
Vila Mazzei;15.0;8.0;3.0;3.0
Vila Medeiros;10.0;14.0;0.0;1.0
Vila Mendes;1.0;0.0;0.0;0.0
Vila Mercedes;0.0;1.0;0.0;0.0
Vila Mesquita;1.0;2.0;0.0;0.0
Vila Metalurgica;2.0;0.0;0.0;0.0
Vila Metalúrgica;1.0;0.0;0.0;0.0
Vila Milton;3.0;0.0;0.0;0.0
Vila Mira;7.0;0.0;0.0;2.0
Vila Miriam;2.0;4.0;0.0;0.0
Vila Moinho Velho;7.0;6.0;1.0;1.0
Vila Monte Alegre;19.0;1.0;0.0;1.0
Vila Monumento;11.0;8.0;1.0;2.0
Vila Moraes;5.0;8.0;2.0;0.0
Vila Moreira;7.0;1.0;0.0;1.0
Vila Morellato;0.0;1.0;0.0;0.0
Vila Morse;2.0;10.0;0.0;1.0
Vila Morumbi;3.0;0.0;0.0;0.0
Vila N Sra de Fatima;0.0;1.0;0.0;0.0
Vila Nair;1.0;3.0;0.0;0.0
Vila Nancy;1.0;0.0;0.0;0.0
Vila Natalia;0.0;1.0;0.0;0.0
Vila Natália;1.0;1.0;0.0;0.0
Vila Nelson;0.0;1.0;0.0;0.0
Vila Nhocune;0.0;1.0;0.0;0.0
Vila Nilo;1.0;3.0;0.0;0.0
Vila Nivi;1.0;5.0;2.0;0.0
Vila Nogueira;1.0;0.0;0.0;0.0
Vila Nossa Senhora de Fátima;1.0;0.0;0.0;0.0
Vila Nova;0.0;0.0;1.0;0.0
Vila Nova Alba;1.0;0.0;0.0;0.0
Vila Nova Cachoeirinha;11.0;7.0;0.0;2.0
Vila Nova Caledonia;1.0;1.0;2.0;0.0
Vila Nova Caledônia;2.0;3.0;0.0;0.0
Vila Nova Carolina;1.0;1.0;0.0;1.0
Vila Nova Conceição;68.0;2.0;0.0;7.0
Vila Nova Curuçá;2.0;1.0;0.0;0.0
Vila Nova Esperança;0.0;2.0;0.0;0.0
Vila Nova Manchester;2.0;0.0;0.0;0.0
Vila Nova Mazzei;7.0;12.0;1.0;0.0
Vila Nova Pauliceia;0.0;1.0;0.0;0.0
Vila Nova Santa Luzia;1.0;0.0;0.0;0.0
Vila Nova Savoia;2.0;2.0;1.0;0.0
Vila Nova York;9.0;0.0;0.0;2.0
Vila Nova das Belezas;1.0;2.0;0.0;0.0
Vila Olinda;0.0;3.0;0.0;0.0
Vila Olímpia;62.0;4.0;0.0;21.0
Vila Olímpia ;1.0;0.0;0.0;0.0
Vila Oratorio;0.0;2.0;0.0;0.0
Vila Oratório;4.0;2.0;0.0;0.0
Vila Osasco;7.0;3.0;0.0;0.0
Vila Paiva;4.0;1.0;0.0;0.0
Vila Palmares;3.0;3.0;0.0;0.0
Vila Palmeiras;7.0;15.0;1.0;2.0
Vila Paranagua;5.0;0.0;0.0;0.0
Vila Paranaguá;0.0;1.0;0.0;0.0
Vila Parapuã;1.0;0.0;0.0;0.0
Vila Parque Jabaquara;25.0;5.0;0.0;0.0
Vila Pauliceia;1.0;2.0;0.0;0.0
Vila Paulicéia;4.0;6.0;0.0;0.0
Vila Paulista;19.0;9.0;0.0;0.0
Vila Paulistania;1.0;2.0;0.0;0.0
Vila Paulo Silas;1.0;7.0;0.0;0.0
Vila Pedra Branca;0.0;3.0;0.0;0.0
Vila Pedro Moreira;2.0;0.0;0.0;0.0
Vila Penteado;7.0;8.0;0.0;0.0
Vila Pereira Barreto;8.0;5.0;1.0;0.0
Vila Pereira Cerca;2.0;7.0;0.0;0.0
Vila Picinin;0.0;2.0;0.0;0.0
Vila Pierina;3.0;1.0;1.0;0.0
Vila Pirajussara;0.0;0.0;0.0;3.0
Vila Pires;4.0;1.0;0.0;0.0
Vila Pirituba;5.0;6.0;0.0;0.0
Vila Pita;2.0;0.0;0.0;0.0
Vila Plana;1.0;0.0;0.0;0.0
Vila Planalto;1.0;0.0;0.0;0.0
Vila Polopoli;2.0;1.0;0.0;0.0
Vila Pompéia;30.0;5.0;0.0;1.0
Vila Portugal;4.0;0.0;0.0;0.0
Vila Portuguesa;3.0;4.0;1.0;0.0
Vila Pouso Alegre;1.0;0.0;0.0;0.0
Vila Prado;0.0;1.0;0.0;0.0
Vila Praia;1.0;1.0;0.0;0.0
Vila Prel;0.0;1.0;0.0;0.0
Vila Primavera;2.0;4.0;0.0;0.0
Vila Princesa Isabel;0.0;2.0;0.0;0.0
Vila Principe de Gales;4.0;0.0;0.0;0.0
Vila Progredior;12.0;1.0;0.0;0.0
Vila Progresso;1.0;1.0;0.0;0.0
Vila Progresso (zona Norte);0.0;1.0;0.0;0.0
Vila Prudente;47.0;41.0;0.0;8.0
Vila Príncipe de Gales;3.0;0.0;0.0;0.0
Vila Ramos;0.0;2.0;0.0;0.0
Vila Regente Feijó;58.0;19.0;0.0;5.0
Vila Regina;1.0;2.0;0.0;0.0
Vila Renata;1.0;1.0;0.0;1.0
Vila Rio;1.0;0.0;0.0;0.0
Vila Rio Branco;0.0;1.0;0.0;0.0
Vila Rio de Janeiro;1.0;1.0;0.0;0.0
Vila Romana;19.0;16.0;0.0;1.0
Vila Romano;0.0;1.0;0.0;0.0
Vila Romero;2.0;1.0;0.0;0.0
Vila Roque;3.0;3.0;0.0;0.0
Vila Rosalia;0.0;2.0;0.0;3.0
Vila Rosália;5.0;3.0;0.0;0.0
Vila Rui Barbosa;0.0;2.0;0.0;0.0
Vila Ré;6.0;7.0;1.0;2.0
Vila Sabrina;3.0;2.0;0.0;0.0
Vila Sacadura Cabral;1.0;0.0;0.0;0.0
Vila Salete;2.0;0.0;1.0;0.0
Vila Santa Catarina;39.0;12.0;0.0;2.0
Vila Santa Clara;5.0;4.0;2.0;0.0
Vila Santa Edwiges;2.0;2.0;0.0;0.0
Vila Santa Isabel;4.0;0.0;0.0;0.0
Vila Santa Luzia;4.0;2.0;0.0;2.0
Vila Santa Maria;6.0;12.0;1.0;0.0
Vila Santa Teresa;3.0;2.0;1.0;0.0
Vila Santa Teresa (zona Leste);1.0;0.0;0.0;0.0
Vila Santa Teresa (zona Sul);9.0;1.0;0.0;0.0
Vila Santa Terezinha;1.0;0.0;0.0;0.0
Vila Santa Terezinha (zona Norte);1.0;0.0;1.0;0.0
Vila Santa Virginia;2.0;1.0;0.0;0.0
Vila Santana;6.0;0.0;1.0;1.0
Vila Santista;0.0;3.0;0.0;0.0
Vila Santo Antônio;1.0;0.0;0.0;0.0
Vila Santo Estefano;3.0;4.0;0.0;3.0
Vila Santo Estevão;0.0;1.0;0.0;0.0
Vila Santo Estéfano;6.0;6.0;0.0;1.0
Vila Santos;1.0;0.0;0.0;0.0
Vila Sao Domingos;0.0;1.0;0.0;0.0
Vila Sao Francisco (zona Sul);1.0;1.0;0.0;0.0
Vila Sao Geraldo;1.0;1.0;0.0;1.0
Vila Sao Luis(zona Oeste);0.0;2.0;0.0;0.0
Vila Sao Luiz (valparaizo);0.0;1.0;0.0;0.0
Vila Sao Nicolau;0.0;1.0;0.0;0.0
Vila Sao Paulo;2.0;2.0;0.0;0.0
Vila Sao Pedro;3.0;1.0;1.0;1.0
Vila Sao Vicente;2.0;2.0;0.0;0.0
Vila Sargento José de Paula;0.0;1.0;0.0;0.0
Vila Scarpelli;0.0;2.0;1.0;0.0
Vila Serralheiro;0.0;2.0;0.0;0.0
Vila Silveira;1.0;3.0;0.0;0.0
Vila Silvia;1.0;0.0;0.0;0.0
Vila Siqueira (zona Norte);7.0;2.0;0.0;0.0
Vila Sirene;0.0;1.0;0.0;0.0
Vila Socorro;0.0;3.0;0.0;2.0
Vila Sofia;13.0;0.0;0.0;0.0
Vila Sonia;6.0;10.0;0.0;0.0
Vila Souza;0.0;1.0;0.0;0.0
Vila Suzana;108.0;1.0;0.0;5.0
Vila São Domingos;0.0;1.0;0.0;0.0
Vila São Francisco;2.0;0.0;0.0;0.0
Vila São Francisco (zona Leste);0.0;1.0;0.0;0.0
Vila São Francisco (zona Sul);0.0;1.0;0.0;0.0
Vila São Geraldo;1.0;3.0;0.0;0.0
Vila São José;4.0;2.0;0.0;5.0
Vila São José (ipiranga);1.0;2.0;0.0;1.0
Vila São João;1.0;0.0;0.0;1.0
Vila São João Batista;0.0;0.0;1.0;1.0
Vila São Judas Tadeu;0.0;0.0;1.0;0.0
Vila São Luís;0.0;0.0;0.0;1.0
Vila São Luís(zona Oeste);1.0;1.0;0.0;2.0
Vila São Paulo;5.0;1.0;0.0;0.0
Vila São Pedro;5.0;2.0;0.0;0.0
Vila São Ricardo;1.0;0.0;0.0;0.0
Vila São Silvestre;2.0;0.0;1.0;0.0
Vila São Vicente;1.0;0.0;0.0;0.0
Vila Sônia;12.0;7.0;0.0;0.0
Vila Talarico;7.0;4.0;0.0;0.0
Vila Tijuco;0.0;1.0;0.0;0.0
Vila Tiradentes;0.0;1.0;1.0;0.0
Vila Tolstoi;4.0;1.0;0.0;3.0
Vila Trabalhista;0.0;2.0;0.0;0.0
Vila Tramontano;2.0;1.0;0.0;0.0
Vila Uberabinha;13.0;0.0;0.0;0.0
Vila União;0.0;1.0;0.0;0.0
Vila União (zona Leste);0.0;1.0;1.0;0.0
Vila Valparaiso;3.0;0.0;0.0;0.0
Vila Valparaíso;10.0;1.0;0.0;0.0
Vila Venditti;5.0;0.0;0.0;0.0
Vila Vera;3.0;5.0;0.0;0.0
Vila Vermelha;5.0;1.0;0.0;0.0
Vila Virginia;0.0;1.0;0.0;0.0
Vila Vivaldi;0.0;1.0;0.0;0.0
Vila Yara;2.0;3.0;0.0;0.0
Vila Yolanda;0.0;3.0;0.0;0.0
Vila Zamataro;0.0;1.0;0.0;0.0
Vila Zat;1.0;3.0;0.0;0.0
Vila Zelina;0.0;1.0;0.0;0.0
Vila Zilda;6.0;0.0;0.0;5.0
Vila da Paz;3.0;0.0;0.0;0.0
Vila da Saúde;37.0;10.0;1.0;4.0
Vila das Bandeiras;5.0;1.0;0.0;0.0
Vila das Belezas;2.0;1.0;0.0;0.0
Vila das Merces;2.0;5.0;0.0;0.0
Vila das Merces ;1.0;0.0;0.0;0.0
Vila das Mercês;5.0;1.0;0.0;1.0
Vila das Palmeiras;1.0;0.0;0.0;0.0
Vila do Bosque;0.0;2.0;0.0;0.0
Vila do Castelo;6.0;1.0;1.0;0.0
Vila do Encontro;8.0;5.0;0.0;0.0
Vila dos Andrades;0.0;0.0;1.0;0.0
Vila Água Funda;0.0;4.0;0.0;0.0
Várzea da Barra Funda;11.0;0.0;0.0;0.0
Água Branca;36.0;3.0;0.0;5.0
Água Fria;8.0;9.0;3.0;0.0
Água Funda;1.0;0.0;0.0;0.0
Água Rasa;5.0;9.0;1.0;4.0
